ward,target_pct_vunerable
00A93O0,12.26771
01V40KO,27.974876
01ZHVW0,2.236586
028YQJX,2.2049859
02G8W11,0.54829806
03RU77Q,11.252389
0935C30,23.010199
0DCE4FB,22.439991
0DUEHMX,2.5568104
0FTXTHP,4.1308093
0FXECHK,6.183056
0HCX91F,0.12631118
0IKGARI,0.8103249
0JRGKQ4,3.2072535
0KTSEXR,1.5000522
0M6MX2A,3.717459
0P8S06V,39.700947
0PBSOBF,8.932553
0PNJX5M,0.7189796
0RA7XHK,0.49943104
0S7C4DH,1.6122265
0TRP3ER,33.804947
0US7N2T,27.584454
0WS5BT8,38.14419
0XABPKH,33.094624
0XE31PI,9.4982815
0Y0V3J8,20.129112
0YPOXHL,31.58371
0ZFUG7F,9.23905
105NU2D,34.22889
10OB8IW,0.34127587
14EYJ6K,33.000805
151LFIB,7.8009357
17FACUG,3.1185842
18M5SKB,8.25424
1B4JFVL,38.281956
1BF4WMH,0.30736664
1BIEG1U,6.2710724
1C2TVDR,38.674767
1C48ZJ2,15.528662
1CMO0Y4,0.91824543
1CUTFTD,37.32844
1DNN5IJ,34.2928
1FG5H0O,32.81034
1IOYQOT,37.77567
1JBNE5I,0.03888178
1LGRAYJ,0.58629644
1O20G6P,3.0749772
1PD72TN,27.81814
1Q75HEP,1.8463684
1RW5NMZ,0.6698272
1SZBSWT,0.066512436
1U5BC3L,1.5142143
1WAZ8Q0,0.03182444
1YE6439,-0.7118114
1YIF2RN,0.41418973
215TAPC,4.59872
22DG8AR,41.67142
233CS64,28.033543
24JY8CX,30.296347
24OX2ZO,40.45104
24WYRNI,46.299793
257YM8M,7.830282
26I3DN0,0.36969906
26RDOIK,39.845512
2861T51,24.802128
28FV4CA,1.2353438
28XXOHY,6.7850285
2B8E3IA,34.493137
2BFC9MJ,4.098041
2D2Z50D,1.4330032
2DF76GS,26.634176
2EEDA3F,38.646603
2FO0WKT,27.794533
2H6Z1TB,38.831505
2IZ2FOA,35.00747
2KJIQI4,-0.16162074
2L6Z5NV,6.0135193
2LDKL4U,26.695576
2MDACB3,4.0005445
2MQD51O,0.67785907
2OAIZ4C,44.071117
2OU52SS,35.15816
2QKDSRB,1.0214436
2R2BYQK,-0.59904575
2RFLYH2,0.844653
2SNGXJS,21.897556
2SZ6BB2,36.96895
2U3Z9GM,0.5120982
2VQN76H,3.0065637
2WJG38Y,0.63598675
2WN9P3F,19.193533
2WNNN6R,41.94288
2ZDX7JP,4.9410644
2ZJX6E6,28.825975
3369B4X,1.5703799
33AU2EF,10.149978
34HQTD8,2.0210156
34JHI35,0.48853987
37HAXAE,0.8259981
38QC76K,16.735912
3ARUZR4,3.2209074
3C8W5V6,1.7567253
3CAYCPX,10.316892
3CI0CKX,5.8506236
3D0HQS7,2.7572093
3EA16E7,0.7118898
3EHDLM2,1.7315942
3EXPKHN,1.3579612
3F2D9F0,40.621193
3F9T39K,28.082699
3G0G6A3,6.650496
3HJ2SJ7,-0.44064075
3IMSK3F,20.273851
3IO8T7J,0.08070624
3K1QDO6,31.984764
3PSGNSV,28.283155
3PUBSAF,34.0338
3Q1BEBW,35.996857
3RCTMF2,3.1545997
3RL23LD,4.5780215
3VGPDZ5,33.19412
3W7QZ5P,30.3709
3XCKC70,0.7067156
3Y7OY4T,3.6146178
3Z7B62W,22.074352
40LFOGC,47.526207
40PHH7U,10.620268
42DZQJA,0.7569921
45AI1QH,9.361192
47ICDLY,-0.3267476
47XV4P3,27.95767
485MJWX,2.1865625
49HVKTG,0.15641832
49ZGNCJ,0.5845003
49ZNW7E,3.427202
4D6H3V3,13.317931
4DARAWK,33.47918
4DBURYH,0.044231385
4IJL6PQ,-0.079582095
4K01HCW,0.26383954
4KVOUFG,0.11261767
4MUT93Q,1.0013646
4OMEQQM,2.66799
4OU1J1Z,0.15507263
4QIL7U4,6.327711
4RFNZ3K,3.4130332
4RGXG6V,40.527245
4SSME9C,22.68368
4SXBIRR,9.766242
4TAUY40,29.92985
4ULD0F5,22.402225
4UUST6G,1.5913709
4W49QH5,10.219852
4W9H5MR,34.524925
4ZOI3KZ,22.582373
50JGUDC,3.124579
51J42OG,16.289051
52P1YPZ,3.9079459
5404OVK,3.2853632
54ILT9A,0.8148109
54VKXXW,4.8448477
56AJT4M,30.810566
58DQFW2,2.1911712
59A2WAI,2.589751
59W1R31,0.5144927
5CGFJF4,1.5612749
5EI2I07,40.24334
5ELWVGE,6.8130674
5F2CTMZ,0.5269023
5HVS35S,37.656494
5JE13GA,45.398136
5K5GJFJ,0.68487144
5KKOYMO,24.192083
5L3M523,0.041647762
5LVF7CU,5.722199
5MM3YQB,2.410061
5N0URLB,4.7748246
5N6EZ1S,39.25179
5S3ELYF,23.629725
5TBBZQV,44.29027
5WGC8R7,7.561484
5WN9VZF,13.103985
5Y31GRR,37.677464
5YAG9SP,-0.008752763
62E22PQ,0.22944409
652X54R,19.825909
65VFJHC,0.23980254
678EWN0,38.6085
683T0RS,1.0020821
6AFF1OZ,31.342754
6C3151N,0.049941212
6D2WD86,0.809425
6D96UPF,5.4754486
6EY3N45,0.21533099
6F42S01,0.7558518
6H5XB06,4.1335144
6HBMUQ1,29.918945
6HR8849,2.8976607
6I2ADVC,1.9824257
6KA2MF9,28.07625
6NY6KYD,0.092877
6O6VZL4,5.701116
6OC1RD0,20.755392
6PSLJ54,24.80678
6QNQRT1,6.2050323
6RGO7XW,0.37197125
6S3AVBJ,6.044278
6W07TP6,10.451313
6WIZX7C,36.823677
6WKWAXF,29.14032
6WRMCTV,0.13991636
6XO9WKJ,7.1219654
6Z0AG00,0.039881736
6ZX6KZY,29.449057
70QTSOC,35.69697
70QWCQN,3.0483532
70TT5RG,34.0332
722FB2E,3.8630407
727BLLN,0.6218676
72N4VXM,44.747017
72QMGGF,24.26612
7376KM2,42.348377
74ZW69I,27.934496
75INALX,38.651608
7674G9Z,9.324577
76PGI5C,0.5029553
76XL1DS,4.868023
7871DQY,-0.018068075
78NCRDD,40.41682
7B9PJ46,39.712875
7BA3P7L,2.4045138
7BGQBZS,40.269707
7CESXKA,4.4662323
7EYP4G0,3.8383574
7G31XF6,19.275225
7H1DT0M,0.21783373
7H26K3P,24.779016
7HJI3YZ,4.889392
7HS8XBV,7.9878473
7J63FDQ,0.426565
7KMO5P0,24.645573
7KW3SI1,0.7863815
7LF7KJA,33.08709
7LP4WWS,1.3836398
7LR536E,40.874237
7O4GI7N,6.8870234
7O5642F,44.577343
7OGTH2F,-0.010761619
7OPTXE8,2.536931
7QEL4LH,1.195679
7TCN6IW,0.32158527
7V98R2Q,1.0535476
7Y2MHA7,2.1042404
7YI3CHO,4.1762047
7YL7D6W,14.153897
7Z6YOV0,0.97176087
7ZGJQ2R,1.5919025
80PSDM6,-0.14117497
80YBLWC,33.494442
82JCYHJ,7.1499243
83TRY6G,1.9239078
88NI79C,1.8740902
8CO88MA,13.825541
8F9XEV0,1.4001503
8H1ZG4F,1.5691175
8H7C2ZL,25.533092
8J4DMMT,2.318206
8JAW9CN,0.3606285
8JIS8H6,19.585173
8LYR33E,35.352074
8M6KSB8,36.420128
8PIZIXD,12.57163
8Q4ZXKO,3.757412
8RZT1QY,22.91121
8TZ31BD,1.441576
8U22RRT,0.9096013
8VMATWP,5.060933
8W7VAH2,24.177366
8W9J3U3,3.1315687
8Z4XDBI,0.70049906
8ZSIWPM,36.423874
91KR9VT,33.847572
933QAGH,0.3399058
95NNRDB,3.9955068
96MA3AF,27.032549
97CLVP8,28.726866
98S7F3M,36.128086
99AOQGC,2.8148456
9AWIFKJ,29.444605
9BERHOH,0.9030279
9BFNNF9,8.35462
9C9NGOA,0.60485387
9ECLL9Z,36.00761
9HS5M9Z,0.27925077
9HTBUN6,36.391735
9ISLQ60,1.6383575
9J02E7F,3.9734316
9L7B971,1.3931357
9ONYDLE,1.0726981
9PDHCA1,38.1299
9PFP18S,2.9288814
9RF4OHB,25.36327
9RIXRTY,2.7826393
9T55WOP,34.45469
9TGSTW6,38.18687
9UNT4JY,15.70547
9YGQZWQ,1.259088
A1OF2EL,9.944928
A29CQ8L,19.430841
A5LQQ0D,0.6303964
A7J2YLO,42.375042
A8KQLUM,0.0063161254
AB21C6W,22.543137
AERL2RY,10.634062
AEUUU5U,30.45276
AG7R283,0.8485257
AJCA5P8,1.121346
AJFPZZZ,6.0594664
AJSS5A1,23.408731
AKB182C,40.332455
ALDWH1X,3.1787856
AM4T8JY,2.2246633
AM5E92T,6.1800957
APPXPKB,0.9417908
AQFXYE9,28.331459
AS5JRV6,10.867182
ATKC6E1,1.9206923
ATRGY6V,0.35594907
AUCA4KA,27.995035
AVHWRWG,0.67771846
AWTEJT5,6.3961377
AXMPXBT,1.9133849
AYSTXS1,2.1917152
AZ4NS9X,5.27915
AZK6D4H,8.174635
B21VKS3,0.3424909
B2V9IKE,27.050003
B3NCMQS,6.988503
B6975OR,0.606141
B6KREXD,3.7149494
B8VHYMI,20.93832
BDM72I6,26.185785
BE7TGCB,46.058624
BEQU1O6,0.4756286
BEZN5NA,11.493475
BI9LJ9F,7.7495914
BILX913,1.167029
BJYZ72X,5.446574
BJZYAU2,34.46631
BK5HDYT,0.36380804
BKM3H10,35.398487
BOHWVWP,34.900467
BOTF02V,0.031097323
BPBJ33N,36.88916
BQKYO2C,1.6596466
BVMB1WZ,-0.11679655
BX0I0XW,4.12546
BXZ5ECW,8.918215
C0J0F1P,0.68983877
C30U17K,0.6345579
C4CD8HR,1.0080285
C5R886J,38.069786
C8CSK7D,0.29205745
CAF3OAU,2.3330746
CB1QAVX,28.133732
CDOQIA6,0.5016475
CEQ729A,24.969576
CF0FDBB,34.493595
CGZRMFT,0.21245015
CHGGEJ4,4.775376
CI7SWQC,16.898085
CKSFQXT,1.1612628
CMDVTUQ,25.528069
CMEGM3B,3.6759822
CMVQOK5,5.6227956
CNC6RMY,7.462413
CQDFDC9,36.630924
CR90ZYN,8.853082
CRA8AXR,29.586893
CRM7XGR,42.17508
CSJMN94,0.25996926
CSQ8ONL,35.25171
CUA2D7G,0.5186384
CVYLZ5L,1.3608508
CXWW04U,5.097518
D4GH9YU,4.037815
D4KYOVL,-0.08972275
D506X95,43.19412
D5RMK4N,34.2171
D6IG1OR,13.686452
DC8TVXY,1.1298981
DCNHKH1,6.6104207
DCQAJD1,0.34606552
DD34F1L,38.18028
DE427GM,4.507896
DEYZCCS,34.951824
DFTL7CQ,5.024718
DHC5KRP,0.18846294
DHEVN3I,38.44165
DHQ9UFQ,7.4463844
DK4DWMH,18.169184
DK7XROB,1.8907937
DLB3WRH,36.531887
DLG0XMA,28.649582
DLRMPO2,3.0877106
DMYKPR4,0.16602129
DPXRQX4,0.79057026
DT1A9E3,7.371001
DTMHZ6T,28.381548
DUCAFUH,42.63423
DVTE2AN,46.16333
DXL30LA,38.032825
DXXUNY9,0.61640185
DY5YNRV,0.023065597
E1FC68F,6.7825184
E2ILHEI,0.30165434
E2MT71O,15.177085
E2O8E0S,4.9393406
E4ESNDQ,18.002502
E64E4F2,35.51287
E8WJ4D6,1.6197546
E9L6ARS,24.091934
E9VZB68,34.973625
EAX9J3P,2.506251
EDRQNYR,0.6783346
EG65A2B,28.516283
EGZPSVI,0.48901898
EH228C3,38.11673
EHCONME,12.402248
EHQZ4Y4,27.30848
EIO9DRQ,29.153692
EJVC014,1.0464895
EKDFDQ7,34.61136
EO8BCE9,0.5948865
EP486A2,1.3246081
EQO0H5O,38.506283
EQYUT34,1.4577222
EU9U747,39.59765
EUCT2HM,1.5922756
EWWBQKS,10.656252
F0XCLZ9,1.0244651
F2C382V,9.222095
F4TDEO1,3.418451
F4WT22B,14.3869095
F4X93YN,36.371826
F615LRG,5.9326954
F6IUZUE,10.432039
F8L4C24,4.573317
F97GO45,19.519804
FAJGHMF,0.96458423
FALCTGY,19.780994
FBCRMC6,29.24541
FBSIOFN,0.3117481
FC5H2XI,0.4216236
FE4YE1C,1.6929656
FEGUXNF,36.332874
FG6RFSL,0.9699957
FH3L9HI,0.12778845
FL647DD,0.29834086
FL9EGRN,1.3531702
FLUBYBI,38.319466
FMQPOZ2,0.2993426
FMVQMD6,14.552977
FO9ZIP1,31.397501
FP4US02,5.697391
FQUA0G8,3.1328897
FRKT13D,0.47981754
FRYE2T3,33.56836
FSKQ43U,6.008719
FT4FYXF,0.92597795
FT5NICP,3.7904468
FTFBY3X,4.962774
FTIG3NA,3.3994823
FUNSQ0P,16.43928
FUTQFXD,38.610214
FWL6RHB,6.1692634
FYGWYUA,5.5603566
FYTPD4G,38.425537
FZYBHN0,24.066923
G1IGQ85,-0.40720046
G2UPTB4,11.274687
G351CWK,0.21453002
G3WNH2P,6.124255
G4DSUVR,46.65448
G65EE2X,0.52325684
G6PSA7A,1.1529589
G7SVLIP,0.14044216
G87ZFLI,45.536068
GAHA6EE,44.277798
GCJ2R0O,0.9634984
GCR9H4I,22.04897
GDESAIV,15.514691
GFA2A6P,0.68558586
GHY7KTV,33.634712
GJOSYVF,-0.113367915
GL8ZFZL,12.217661
GLPX4S2,1.5007472
GM4HYV5,22.963049
GNII8UH,-0.07260841
GR09SH6,0.06736791
GRF7F86,1.3105657
GS0GUX3,23.135334
GSSEWG6,7.7741585
GVK341T,13.15113
GXE9IT5,15.293025
GXFDASD,35.89479
GYP1U5X,-0.028033614
GYZZQUR,7.1402717
H051PQS,0.14033398
H068AI4,29.801315
H0BQSMC,21.955292
H0CW9H7,20.383778
H2BBFBM,4.8715405
H2FHGXX,1.9385705
H5ZFFVP,1.7757128
H6B0IBN,1.827747
H84XHH0,0.18031764
H98LHW6,4.472162
HAICAXI,0.53174573
HB6C2VM,4.1768084
HB8UE93,18.393042
HDC1SOW,8.208939
HEHYAN3,5.3223047
HFMBQ2K,5.932941
HGF3YM1,-0.10067648
HJ0J8A4,3.4092102
HJFNQ4Z,19.004173
HKJAHMJ,13.847793
HN2VQUN,26.488089
HNODGSZ,26.07434
HO8AH09,1.7910779
HOMRBI3,0.09628898
HOXIMWQ,0.5949358
HOZAVUD,2.5331624
HP6L7CU,0.07313055
HP7G5SI,16.23106
HPDJVKT,9.248163
HPOTGMM,11.000037
HS3ZUIC,-0.519662
HSBI33P,0.2937597
HSQJD7X,0.104177594
HTMSKQH,33.642822
HUOBPRT,26.722355
I08O4A2,0.60531163
I0S99NO,8.287029
I1FLB1X,10.494655
I30EI2M,1.8728102
I5XXEP6,9.953312
I64GJA9,29.606928
I6CB7TV,0.9375348
I6K3TX3,3.270083
I7EWJKO,1.787319
I915T3L,8.011429
IBG3UBW,9.651539
IBRH0UK,-0.11913496
IBT03YF,1.8610322
IEEF6U2,0.7691623
IERSARJ,16.320187
IGRN0CD,0.29942182
IGYTPRV,34.661396
IL6AXV2,-0.06004733
ILTB4TJ,39.59982
INQ0595,-0.9715102
IPJXBNX,1.3057511
IQ6B52M,2.9635541
IRJC07R,39.151653
IROJ9OQ,0.77119386
IS3U4NX,0.57902867
ISR4UP5,0.056374848
IUF7U02,28.35485
IZWTRY8,22.501999
J13VWU8,3.9977949
J9ZC8KQ,1.2210983
JA5IZI6,0.71323633
JADS7KZ,0.05409494
JDITQLL,34.663925
JDS11FP,38.702667
JERFJPA,38.47459
JGRAFZR,21.28087
JILOBHL,3.0639226
JJXZ413,44.31801
JK0JD5Q,-0.06719887
JO23YAB,29.52507
JOEY6VD,0.80330825
JONLVA3,39.378784
JOVNCCD,0.17784092
JP7G0TJ,27.451866
JPLEKFP,31.332186
JQIKVQB,0.8701012
JQLQPLT,0.8730891
JRCABOC,35.42611
JU7L4Z8,1.5619783
JVGSVUU,1.4997804
JWB66T9,1.2163451
JWU18S5,3.529814
JWUNRHJ,0.2299793
JXEEO4C,13.9919
JZGQJ8S,6.616221
K0N9P1U,3.3299732
K0X7GEF,6.485986
K10QAFA,20.724865
K1BHMVT,26.373737
K1GUNP7,4.6425204
K2LRVIV,12.213315
K41CN5K,1.1405246
K6RTCX4,-0.07704812
K8W0QKS,35.343468
KAL2K6J,11.412022
KAVI2N7,0.53260666
KBFI436,1.5229295
KDW4FH2,0.07854971
KFY6NQP,4.010499
KH965L6,2.9047408
KHA8AKR,32.953835
KHZD78Z,1.1375444
KIPA1Z1,0.09156093
KL0XRM7,39.71249
KMQIOPL,25.847391
KNTFONZ,2.4117026
KOG35ZD,9.906964
KR4ZVZU,1.5553862
KRILFSB,1.2427607
KT0IR8S,20.997921
KT4DCML,0.37375006
KT4DV8U,0.17685542
KV9S7BO,0.2853769
KYV0YPK,2.2481756
KYWK5FL,3.8112662
KZ6HHR7,0.34385848
KZ9I7G4,21.995466
KZDA0TR,5.94734
L14R619,-0.0013937354
L14TI9W,0.26909298
L296CLJ,0.9355249
L2SH4Z3,0.30333102
L3108JM,30.393785
L3M3MP4,1.4302657
L3RDZF7,35.954166
L5KP644,26.459196
L90MOJU,0.005833596
LABCTSY,2.174457
LB9DYZX,1.2750529
LBJ4V47,19.996029
LCNON4M,11.010792
LE0ZIZO,1.9231688
LI27M5L,0.08153492
LJ2XPP0,3.1150491
LJX33VY,0.65876466
LN1CZWZ,23.345716
LNGUZ2C,45.68192
LNLWG10,0.10597363
LNNL1RQ,0.6041606
LOA8BK5,27.98322
LOZM079,25.172892
LR7MT81,11.715071
LRJ3LYZ,0.5343633
LTSRY8L,2.1438193
LU5H6KW,0.12985021
LVDXGC6,1.6524053
LWVVA1Q,0.35820594
LXFQZIP,25.726692
LXQNDTB,8.494432
LY89Y4W,0.63920254
LYFZXE7,2.4337244
M0L2YZI,12.676959
M0RK3DS,39.98508
M3G1XV8,3.9152508
M4HMED4,1.3502185
M8H3UGM,2.9622478
MAGHREI,2.3428721
MB9HM4N,1.5849787
MBCPBZ6,2.7877243
MCHTPDO,3.5722344
MDDALNY,42.922226
MDY5G9V,26.821768
MFN67G9,2.3243809
MHNMH6Z,0.052304804
MIG763X,0.048776776
MJLGMEK,0.9962237
MJO75IU,0.4468059
MKVHOLH,8.904742
MM37PJI,10.855849
MMCJPLL,28.048525
MMTJANS,32.976364
MN59YXM,14.000835
MOC9YLU,0.35708404
MOI31TE,37.01236
MQ3XADH,23.266685
MSXTFXP,0.12774435
MTBC19M,3.3066506
MVXMSBI,1.8628896
MX9JAX5,15.848742
MXWBZDB,25.620684
MYKRT2F,2.3990707
MZOQHE1,28.710234
N01GIXS,1.6679609
N04RVND,10.799752
N06USYP,22.75898
N2KF0V7,1.3391793
N4NLMES,1.536937
N7GJMJC,-0.043615818
N7HHK3S,18.410143
N7ZUKG2,9.213495
N9T6VLM,35.05242
NAYJB10,41.237614
ND0JYDB,37.50281
NDL8SYB,5.275663
NGHQY9E,0.20310825
NGPVLJR,0.8024119
NI07H6B,40.166843
NIV1PX6,1.6302384
NIZ8E6V,-0.03608495
NJBXEA9,27.903543
NJCV4SV,6.7314467
NK25JX7,3.5699034
NK595I5,4.638603
NKJZ0P2,0.6228431
NLSHK5G,7.511447
NM86P1X,2.3550358
NMJ91KT,4.3884225
NMOE9MS,11.203515
NMQB7KY,1.1458366
NOGV1OL,-0.037779808
NS1NM6I,41.070454
NT4Q0ZN,25.376562
NTE87ZD,21.508278
NU8EA7A,5.7082853
NUJU0CV,-0.72275925
NW13DAE,36.38862
NW3L55I,0.65777755
NXU1FAJ,0.81544185
NYODCCH,1.6246988
NYX6H0Y,0.7284312
NYY0XPX,2.798476
NZJ061W,-0.2703001
O0B0W9W,0.19954357
O2RJ5K0,1.5979942
O44FHVP,2.7812276
O54VQNV,21.319126
O66E2GD,15.578436
O6BUZ4X,0.290856
O72ZAMH,3.0377653
O8TLCHZ,0.69570214
OAJK6MW,26.282394
OAUV81P,1.7083637
OBMXWKQ,27.230465
ODNFJ1I,0.30151886
OE6CHSJ,5.6573305
OFISK6Z,2.079502
OGJCMH5,0.48735917
OHHERMF,13.831731
OHRIL2J,9.133049
OIIQANC,0.14977786
OJF3LBX,0.7570108
OJFDFUL,35.461494
OJV6V0S,24.866285
OK14ZYP,9.173479
OK549UV,0.12108004
OKR2Z1E,9.778887
ORDQF56,4.0500684
OSU9FUF,0.6562414
OTWHFDS,7.2269435
OUDIE7M,1.7061
OV0H82B,1.296854
OWWO3TJ,3.9840817
OY6MMSI,37.06836
P01O5SE,6.062917
P0AURVR,5.8520346
P0PNAP5,42.882656
P0YRLF8,28.549536
P101U1Y,14.398001
P12LTXP,0.9878881
P50W51Q,35.61414
P5DRBT5,32.637524
P6FYCS3,-0.15064216
P9TF6H0,34.541767
PBNG5I2,5.002859
PC3PTM2,0.38979492
PCGXFAT,37.75592
PFZJUDY,1.6773123
PG0TUFO,4.2043123
PG8VHKY,0.21764985
PGYPB96,0.6776136
PM9ZGVN,0.016165376
PMPI904,10.254005
PN2QXU4,-0.023477495
PN5AEJR,1.9224104
PNJ2S96,2.3287318
PPH0474,15.426935
PPOUS3C,9.741567
PQOZQ9W,8.374695
PR60JLQ,4.937144
PUR3YEG,3.5763948
PUT5QUT,36.831707
PUWWXS3,2.261436
PUYBLCL,4.5771008
PV7EBPS,7.0655084
PVXKA3W,0.43646556
PWC55BT,39.087646
PWQR8P5,42.654217
PWS7UD9,0.441456
PX46FE3,0.580185
PXXEFA4,38.73751
PZUN8NP,2.857849
Q1HNN28,10.193204
Q1PCL13,0.128364
Q2JRIJN,36.12742
Q5CFP2T,0.5746551
Q6143KU,3.648026
Q6U5I4N,-0.04329419
Q8BIIZU,1.1001093
QAMMRSD,29.694351
QAVLQCN,4.468398
QB85T37,0.094969064
QBSVYYD,1.6998692
QC4RN0Z,16.523716
QCIILW3,38.22858
QD2GE6I,3.6296616
QDAV94C,0.48532772
QDDDZYT,3.732158
QDPYL2U,1.1452092
QFG60LS,5.554143
QGCAKZ6,38.57123
QH706K1,26.08073
QJWTY2B,8.855655
QL9SLDS,1.3595183
QLFK8BS,0.6641292
QN3PKLF,36.937164
QOEBOR8,38.685287
QRT7KJF,6.7926927
QYE25PI,19.460659
R0XEUCT,0.5379463
R3H5L23,32.713924
R48DF2L,2.2745724
R5927WW,0.17142737
R6LT29V,0.71711683
R8YU11R,3.7300463
R979NJ6,0.31154037
RBAQOFV,0.6933064
RBHGOKY,0.9808811
RCQGWY3,4.285327
RDG6JOX,24.339966
RE3QZSQ,10.342418
RG750W1,23.810818
RHK3W5P,32.354744
RHTASON,4.888934
RIA9L1X,0.89885366
RIWAT3Q,8.146799
RJN1OGL,4.7494493
RKRR2HK,21.995735
RKX72I7,-0.0066275
RQ18H79,6.081535
RQ1U4BU,1.2683845
RQID34P,0.5916673
RS6CKPN,0.034336
RV6TP2Y,3.2912085
RWWNTNS,31.026752
RX0JEQP,27.05611
RX6KMNP,-0.67388463
RXPYHF3,0.2705902
RYFH3P3,18.73799
S0Y29Q5,1.1134557
S2L6QF0,1.5049223
S2Y87VX,39.28029
S4ZYSZU,24.292973
S99UBPA,1.9595344
SBR1I5B,16.317865
SBYNJPC,39.84161
SCLUFL4,41.339127
SCMB4HS,7.943079
SDHV2E2,2.3981009
SDLC84L,0.23238093
SFW9WE4,38.336258
SHKI70P,0.260018
SHVSINU,12.892359
SISXQO1,3.4059873
SK239FE,0.43449277
SLWT623,15.732493
SOWKV4B,3.187346
SQY1S3T,1.9755807
SRML5XX,37.799225
SSEAUO8,11.396181
ST21GGG,2.1014924
STSE3UQ,3.46692
SUO3D2H,28.2197
SWFDSHK,4.5216827
SWKZV33,0.14561296
SXSHSV4,40.11884
SYOY7YP,10.884023
SZYVVAJ,-0.095689
T16HRPB,48.210537
T3FQ1IO,0.51474345
T550RFY,36.41766
T6GPZ9H,1.8236432
T76P2C4,11.32129
T87F8W7,0.10906127
T91IVRT,4.1503644
T9DMXO7,5.3241844
TA0D4P0,0.26698261
TA8ZG38,22.70482
TAHVMK0,0.95088845
TB7TL8P,0.3152565
TCUK28W,30.290573
TD4M9IK,9.243111
TDAXQX1,3.5954022
TE59SSX,0.4193882
TGOMFD8,2.262156
TH952D6,0.7173733
TI0U4IY,26.863932
TJ40R7Z,29.408731
TKML29Z,0.37007618
TKY534E,0.16622302
TLBPRJT,0.6052104
TLRP1RN,5.515208
TM2BCK1,35.739273
TNDL3KQ,24.768509
TOC5EQQ,0.37153867
TOM8OZI,1.3279788
TORWZ2S,5.7942944
TPQ42FD,1.866102
TQK8SE6,4.412038
TS6ARCC,6.711153
TSIHOGS,22.281225
TSSOEEC,1.0089749
TV0NYBT,40.338367
TVCIMNO,0.9138593
U26ISD7,0.3721102
U3KWRHP,17.423414
U7CE78T,27.608444
U7OFXYN,32.48484
UCERMV9,2.089083
UDRXCVI,-0.27209312
UDVPP7H,26.46713
UDVQQGH,1.7196764
UEMFQN8,40.1299
UEPBGEN,16.080507
UFQYCD6,36.950317
UG4033A,4.61662
UGBKXR4,0.26488107
UHH0JMJ,25.503916
UII41SH,2.3458056
UJHDJHG,37.602833
UJUYOLI,0.290073
UKFHU8P,15.245595
ULKCFXQ,0.034469366
UMXNA7S,0.15589374
UNXLCFA,0.34860837
UOTYB4Z,0.8537868
UPLYPDZ,29.205126
URDFM9C,0.057187647
UUYQ8U8,-0.13191885
UWC9O6R,0.015459329
V17SWCB,10.554985
V4AG3BZ,40.21468
V4TGYUD,2.8549404
V55FAD9,-0.02575922
V6J7H8M,4.6006722
V6KT9YF,0.5962694
V72HTL3,1.8342179
V7M38SK,1.3143598
V82OVOR,0.29868475
V8CR93T,2.04812
V8JIS8T,0.18693945
V9AFHQD,12.830925
VA2T7KX,-0.11346942
VBABIFF,6.739236
VCGV5PO,0.62572116
VCOS60V,12.7208805
VGIYTG8,5.5220814
VIYJ2S1,20.354845
VJ4J06X,37.354828
VKEJEZ4,6.400423
VKLQ39V,1.328078
VLTLL4G,0.47383335
VLYY49A,0.022608489
VQUNXHA,0.85084146
VSI7BPX,19.008282
VSNMUB5,10.514176
VTI2CHZ,28.309244
VTYXS93,11.264482
VUBGIAF,0.581885
VUO6R2Z,0.3099355
VWCFGYF,2.5356982
VXNG30P,32.44243
VYMVWT9,17.85285
VYNVAPY,36.253586
VYWR87L,11.138307
VZEPXPG,20.526478
VZICCTI,5.293152
W0CNP79,0.47859952
W2Z6J2Z,34.23008
W5T6T2N,20.062038
W6VEMPQ,21.131071
W7R3LVZ,0.5760198
W9AWQ4O,0.88127095
W9YLEKZ,1.2144732
WBPJA6G,-0.15940398
WBVEPDT,0.07299176
WG31KFR,6.103858
WG7DVB6,39.763695
WGWWSS0,22.671001
WJHOBLB,27.937836
WL27YXX,5.566714
WN4C63S,1.5320203
WQ4CH8P,0.2779913
WQ4YJXP,2.5204432
WUSOYJK,1.5111912
WV0SZOG,-0.106165946
X11R9DJ,7.3648047
X2FJEJ4,25.268068
X55EOMC,2.355218
X73JLGE,1.2254298
X7K5LU8,0.6100309
X9G3F3Z,21.61394
XA2NBUP,24.243607
XAZ35LW,0.5558356
XC8ETQL,31.27277
XDHC6GG,36.378338
XHQI8KL,40.059055
XIIGZTS,37.62074
XJRGZRJ,2.1287289
XM7IJ8L,0.58894116
XT6TNAN,36.535748
XT7CRZU,3.0684416
XU5DGS2,4.6728077
XU9XIXF,9.534903
XVZ2RIL,2.8866718
XW1490D,19.303894
Y1119PM,0.19668418
Y1M2G3O,0.30596113
Y2V57FE,21.275236
Y3AKS6U,0.6331929
Y3W7VYK,0.7161699
Y4VZQZF,4.159057
Y5EMJGV,2.7573626
Y7G7PMW,4.5851474
Y80ASGS,31.029604
Y8LZQKT,1.6320885
Y8Y08IC,2.4726973
Y9EHU0R,37.991745
YAKYSNG,3.1185088
YCMP3TK,1.6005782
YDL00PC,0.90576947
YE0GB1U,13.044164
YEZMCKP,0.8190026
YF7VZYM,8.999675
YFO7J6P,0.039900094
YHX5E97,41.278355
YJ5CIHU,3.2986119
YJFF28O,26.072422
YJLAFIK,5.5739446
YJTJ3L0,13.793226
YLM1PNU,32.448307
YMPLAGW,40.72904
YN8E8G6,3.9717035
YNH3CWY,2.5506237
YO2YZY4,36.98798
YORBIHJ,28.319098
YQ3FRP1,36.800232
YQU7L9F,0.54537475
YV20EMP,34.600708
YV2IUYV,12.89647
YXAANFN,4.42764
YXK58V3,25.078999
YXLBNNQ,-0.25487983
YXLY3B3,1.4616458
YZ5ZC6D,31.535389
YZ8PFXZ,0.84804714
Z1A2M3S,0.71176213
Z37PQTQ,1.3846638
Z51GAXD,0.112226784
Z6JMNCM,10.761006
Z792KK0,32.408173
Z9C6CFV,25.211094
ZAOFFCZ,12.508084
ZCIA93Q,34.80631
ZDJMCKC,39.33699
ZFB9S4P,9.530522
ZFM74S5,4.6677165
ZH2B8CW,3.110138
ZHXKN8M,24.315678
ZHY9YK1,1.048036
ZLVOYMA,32.67186
ZM60DUE,0.9645832
ZMIUDEL,31.02828
ZMNMD3T,41.16394
ZNEIOE5,25.883242
ZNKN081,5.960569
ZO1LB7F,2.0816479
ZPENM3F,0.020305634
ZPMPL47,1.4437916
ZQFMQVU,40.800846
ZRAHMG2,2.041749
ZS0Z900,36.336765
ZSNE8SY,4.286585
ZUX503E,0.41099134
ZV3KA4K,19.787617
ZV99Z7P,0.26375616
ZVO9F7A,0.9871744
ZVVA1LV,0.13343939
ZXHN2A8,1.3684758
